<?xml version="1.0" encoding="UTF-8" standalone="yes"?>
<addon id="plugin.video.jboxllc" name="jboxllc" version="1.0.2" provider-name="jboxllc.com">
  <requires>
    <import addon="xbmc.python" version="2.1.0"/>
  </requires>
  <extension point="xbmc.python.pluginsource" library="default.py">
        <provides>video executable</provides>
  </extension>
  <extension point="xbmc.addon.metadata">
    <summary lang="en">MyKodiBuild Wizard</summary>
    <description lang="en">Easy Install With KODI / XBMC Wizard </description>
    <platform>all</platform>
  </extension>
</addon>
